<?xml version="1.0" encoding="UTF-8"?>
<!DOCTYPE mapper
        PUBLIC "-//mybatis.org//DTD Mapper 3.0//EN"
        "http://mybatis.org/dtd/mybatis-3-mapper.dtd">
<mapper namespace="com.feiyi.mapper.GoodsMapper">
    <select id="selectGoodsByPage" resultType="Goods">
        SELECT id, name, price, stock, img_url as imgUrl, `desc` as description, category_id as categoryId, seller_id as sellerId, create_time as createTime
        FROM goods
        <where>
            <if test="categoryId != null">
                category_id = #{categoryId}
            </if>
            <if test="keyword != null and keyword != ''">
                <trim prefix="AND">
                    name LIKE CONCAT('%', #{keyword}, '%')
                </trim>
            </if>
        </where>
        ORDER BY create_time DESC
    </select>

    <select id="selectGoodsById" parameterType="Integer" resultType="Goods">
        SELECT id, name, price, stock, img_url as imgUrl, `desc` as description, category_id as categoryId, seller_id as sellerId, create_time as createTime
        FROM goods
        WHERE id = #{id}
    </select>

    <insert id="insertGoods" parameterType="Goods">
        INSERT INTO goods (name, price, stock, img_url, `desc`, category_id, seller_id, create_time)
        VALUES (#{name}, #{price}, #{stock}, #{imgUrl}, #{desc}, #{categoryId}, #{sellerId}, #{createTime})
    </insert>

    <update id="updateGoods" parameterType="Goods">
        UPDATE goods
        <set>
            <if test="name != null">name = #{name},</if>
            <if test="price != null">price = #{price},</if>
            <if test="stock != null">stock = #{stock},</if>
            <if test="imgUrl != null">img_url = #{imgUrl},</if>
            <if test="desc != null">`desc` = #{desc},</if>
            <if test="categoryId != null">category_id = #{categoryId},</if>
        </set>
        WHERE id = #{id}
    </update>

    <delete id="deleteGoods" parameterType="Integer">
        DELETE FROM goods WHERE id = #{id}
    </delete>

    <update id="updateStock">
        UPDATE goods SET stock = #{stock} WHERE id = #{id}
    </update>

    <!-- 首页推荐商品查询（限制数量，提高性能） -->
    <select id="selectRecommendGoods" resultType="Goods">
        SELECT id, name, price, img_url as imgUrl
        FROM goods
        ORDER BY create_time DESC
        LIMIT 8
    </select>
</mapper>