<?xml version="1.0" encoding="UTF-8"?>
<!DOCTYPE mapper
        PUBLIC "-//mybatis.org//DTD Mapper 3.0//EN"
        "http://mybatis.org/dtd/mybatis-3-mapper.dtd">
<mapper namespace="com.feiyi.mapper.MerchantMapper">

    <!-- 根据ID查询商家信息 -->
    <select id="selectMerchantById" parameterType="Integer" resultType="Merchant">
        SELECT id, username, password, phone, address, role, create_time as createTime
        FROM user
        WHERE id = #{id} AND role = 2
        LIMIT 1
    </select>

    <!-- 根据用户名查询商家 -->
    <select id="selectMerchantByUsername" parameterType="String" resultType="Merchant">
        SELECT id, username, password, phone, address, role, create_time as createTime
        FROM user
        WHERE username = #{username} AND role = 2
        LIMIT 1
    </select>

    <!-- 查询所有商家 -->
    <select id="selectAllMerchants" resultType="Merchant">
        SELECT id, username, password, phone, address, role, create_time as createTime
        FROM user
        WHERE role = 2
        ORDER BY create_time DESC
    </select>

    <!-- 添加商家 -->
    <insert id="insertMerchant" parameterType="Merchant">
        INSERT INTO user (username, password, phone, address, role, create_time)
        VALUES (#{username}, #{password}, #{phone}, #{address}, 2, #{createTime})
    </insert>

    <!-- 更新商家信息 -->
    <update id="updateMerchant" parameterType="Merchant">
        UPDATE user
        <set>
            <if test="password != null and password != ''">password = #{password},</if>
            <if test="phone != null and phone != ''">phone = #{phone},</if>
            <if test="address != null and address != ''">address = #{address},</if>
        </set>
        WHERE id = #{id} AND role = 2
    </update>

    <!-- 删除商家 -->
    <delete id="deleteMerchant" parameterType="Integer">
        DELETE FROM user
        WHERE id = #{id} AND role = 2
    </delete>

    <!-- 查询某个商家的所有商品 -->
    <select id="selectGoodsByMerchantId" parameterType="Integer" resultType="Goods">
        SELECT id, name, price, stock, [desc](file://E:\非遗手工艺品售卖平台\FeiYi\src\main\java\com\feiyi\pojo\Goods.java#L11-L11), category_id as categoryId, seller_id as sellerId, create_time as createTime
        FROM goods
        WHERE seller_id = #{merchantId}
        ORDER BY create_time DESC
    </select>

    <!-- 统计某个商家的商品数量 -->
    <select id="countGoodsByMerchantId" parameterType="Integer" resultType="Integer">
        SELECT COUNT(*)
        FROM goods
        WHERE seller_id = #{merchantId}
    </select>
</mapper>
