<?xml version="1.0" encoding="UTF-8"?>
<!DOCTYPE mapper
        PUBLIC "-//mybatis.org//DTD Mapper 3.0//EN"
        "http://mybatis.org/dtd/mybatis-3-mapper.dtd">
<mapper namespace="com.feiyi.mapper.OrderMapper">
    <insert id="insertOrder" parameterType="Order">
        INSERT INTO `order` (id, user_id, total_price, status, create_time)
        VALUES (#{id}, #{userId}, #{totalPrice}, #{status}, #{createTime})
    </insert>

    <select id="selectOrderByUserId" parameterType="Integer" resultType="Order">
        SELECT id, user_id as userId, total_price as totalPrice, status, create_time as createTime
        FROM `order`
        WHERE user_id = #{userId}
        ORDER BY create_time DESC
    </select>

    <select id="selectOrderById" parameterType="String" resultType="Order">
        SELECT id, user_id as userId, total_price as totalPrice, status, create_time as createTime
        FROM `order`
        WHERE id = #{id}
    </select>

    <update id="updateOrderStatus">
        UPDATE `order` SET status = #{status} WHERE id = #{id}
    </update>

    <select id="selectAllOrder" resultType="Order">
        SELECT id, user_id as userId, total_price as totalPrice, status, create_time as createTime
        FROM `order`
        ORDER BY create_time DESC
    </select>

    <select id="selectOrdersByMerchantId" parameterType="Integer" resultType="Order">
        SELECT o.id, o.user_id as userId, o.total_price as totalPrice, o.status, o.create_time as createTime
        FROM `order` o
        JOIN order_item oi ON o.id = oi.order_id
        JOIN goods g ON oi.goods_id = g.id
        WHERE g.seller_id = #{merchantId}
        GROUP BY o.id
        ORDER BY o.create_time DESC
    </select>
</mapper>