<?xml version="1.0" encoding="UTF-8"?>
<!DOCTYPE mapper
        PUBLIC "-//mybatis.org//DTD Mapper 3.0//EN"
        "http://mybatis.org/dtd/mybatis-3-mapper.dtd">
<mapper namespace="com.feiyi.mapper.UserMapper">
    <insert id="insertUser" parameterType="User">
        INSERT INTO user (username, password, phone, address, role, create_time)
        VALUES (#{username}, #{password}, #{phone}, #{address}, #{role}, #{createTime})
    </insert>

    <select id="selectUserByUsername" parameterType="String" resultType="User">
        SELECT id, username, password, phone, address, role, create_time as createTime
        FROM user
        WHERE username = #{username}
        LIMIT 1
    </select>

    <select id="selectUserById" parameterType="Integer" resultType="User">
        SELECT id, username, password, phone, address, role, create_time as createTime
        FROM user
        WHERE id = #{id}
        LIMIT 1
    </select>

    <select id="selectAllUsers" resultType="User">
        SELECT id, username, password, phone, address, role, create_time as createTime
        FROM user
        ORDER BY create_time DESC
    </select>

    <update id="updateUser" parameterType="User">
        UPDATE user
        <set>
            <if test="password != null and password != ''">password = #{password},</if>
            <if test="phone != null and phone != ''">phone = #{phone},</if>
            <if test="address != null and address != ''">address = #{address},</if>
            <if test="role != null">role = #{role},</if>
        </set>
        WHERE id = #{id}
    </update>

    <delete id="deleteUser" parameterType="Integer">
        DELETE FROM user WHERE id = #{id}
    </delete>
</mapper>