<?xml version="1.0" encoding="UTF-8"?>
<!DOCTYPE configuration
        PUBLIC "-//mybatis.org//DTD Config 3.0//EN"
        "http://mybatis.org/dtd/mybatis-3-config.dtd">
<configuration>
    <!-- 配置环境（Spring整合后由Spring管理） -->
    <settings>
        <!-- 开启驼峰命名自动转换 -->
        <setting name="mapUnderscoreToCamelCase" value="true"/>
        <!-- 开启日志 -->
        <setting name="logImpl" value="STDOUT_LOGGING"/>
    </settings>
    <!-- 配置别名 -->
    <typeAliases>
        <package name="com.feiyi.pojo"/>
    </typeAliases>
    <!-- 配置分页插件 -->
    <plugins>
        <plugin interceptor="com.github.pagehelper.PageInterceptor">
            <property name="helperDialect" value="mysql"/>
            <property name="reasonable" value="true"/>
        </plugin>
    </plugins>
</configuration>