<?xml version="1.0" encoding="UTF-8"?>
<beans xmlns="http://www.springframework.org/schema/beans"
       xmlns:xsi="http://www.w3.org/2001/XMLSchema-instance"
       xmlns:context="http://www.springframework.org/schema/context"
       xmlns:tx="http://www.springframework.org/schema/tx"
       xsi:schemaLocation="http://www.springframework.org/schema/beans
       http://www.springframework.org/schema/beans/spring-beans.xsd
       http://www.springframework.org/schema/context
       http://www.springframework.org/schema/context/spring-context.xsd
       http://www.springframework.org/schema/tx
       http://www.springframework.org/schema/tx/spring-tx.xsd">

    <!-- 导入DAO配置 -->
    <import resource="spring-dao.xml"/>

    <!-- 扫描Service包 -->
    <context:component-scan base-package="com.feiyi.service.serviceImpl"/>

    <!-- 配置事务管理器 -->
    <bean id="transactionManager" class="org.springframework.jdbc.datasource.DataSourceTransactionManager">
        <property name="dataSource" ref="dataSource"/>
        <!-- 设置默认超时时间（秒） -->
        <property name="defaultTimeout" value="30"/>
        <!-- 是否允许嵌套事务 -->
        <property name="nestedTransactionAllowed" value="false"/>
    </bean>

    <!-- 开启事务注解 -->
    <tx:annotation-driven transaction-manager="transactionManager"/>
</beans>
